first_name,last_name,gender
Jessamine,Bedell,Female
Onfroi,Dufoure,Male
Keefe,Dainton,Male
Flem,Fabler,Male
Alfreda,Pelzer,Female
Kelbee,Japp,Male
Prinz,Redgate,Male
Hagen,Waything,Male
Pet,Palethorpe,Female
Heloise,O'Geaney,Female
Karissa,Iggulden,Female
Dexter,McGrouther,Male
Raddy,Caesar,Male
Harriette,Crowche,Female
Delia,Dakhov,Female
Kaleena,Geibel,Female
Halette,Doncom,Female
Jeniffer,Enrigo,Female
Caterina,Van der Kruijs,Female
Martie,Mewrcik,Male
Elle,McElory,Female
Saxon,Gamble,Male
Tory,Edy,Female
Pincas,Corking,Male
Rina,Millin,Female
Chloette,Gunston,Female
Garold,Griffoen,Male
Rice,Quinnet,Male
Keenan,Pauncefort,Male
Thedrick,Marklow,Male
Ben,Spridgen,Male
Eleanore,Conningham,Female
Torre,Kunneke,Male
Cicily,Heaslip,Female
Lurette,Carlsen,Female
Gustavus,Farren,Male
Mannie,Gerwood,Male
Penrod,Fines,Male
Isaiah,Vallerine,Male
Giorgi,Bulfield,Male
Glennie,Biss,Female
Cathee,Prine,Female
Gladi,Brazur,Female
Farlay,Ogles,Male
Tuck,Cundey,Male
Mendy,Jacobowits,Male
Ezekiel,Weatherby,Male
Ailis,Blackford,Female
Thibaud,Gilbey,Male
Kaia,Creber,Female
Marj,Cornelius,Female
Britta,Koop,Female
Dredi,Lipman,Female
Stephana,Senior,Female
Kerstin,Fair,Female
Adora,Speller,Female
Lauryn,Dunk,Female
Lovell,Harriday,Male
Kelvin,Fettes,Male
Letty,Gamil,Female
Maible,McVicker,Female
Vernice,Halvosen,Female
Michail,Farnsworth,Male
Nanine,Molfino,Female
Hy,Gebhardt,Male
Bernardina,Cholerton,Female
Ardenia,Smeeton,Female
Guinna,Jago,Female
Leon,Culp,Male
Farica,Brayshaw,Female
Gothart,Toupe,Male
Leo,Harkin,Male
Josefina,Beldham,Female
Adi,Crust,Female
Hermine,Chaddock,Female
Granthem,Thomesson,Male
Kaitlin,Ladd,Female
Odie,Tether,Male
Dermot,Wadie,Male
Gregoire,Dive,Male
Carmita,Gergher,Female
Wilona,Groven,Female
Courtnay,Giblin,Female
Christian,Grevatt,Female
Felita,Beachem,Female
Georgianne,Sperski,Female
Diane-marie,Tinham,Female
Sile,Deniseau,Female
Coop,Tackell,Male
Stanly,Rouge,Male
Jimmy,Janczak,Male
Nikoletta,Kinchington,Female
Randolph,Poizer,Male
Killy,Gowthrop,Male
Perceval,Petracchi,Male
Arri,Lamasna,Male
Aldous,Lowcock,Male
Rorie,Kensy,Female
Tucky,De Bernardi,Male
Dilan,Keetley,Male
Avivah,Bosch,Female
Sapphira,Tapley,Female
Dov,Feaveryear,Male
Maighdiln,Collihole,Female
Tarrance,Le Bosse,Male
Liza,Dmitrovic,Female
Gibby,Tuttle,Male
Pascal,Farnish,Male
Ripley,Davidowsky,Male
Archibaldo,Walczak,Male
Paquito,Fratczak,Male
Veronique,Besse,Female
Adriano,Norbury,Male
Vasili,Brazur,Male
Geoffrey,Karadzas,Male
Judas,Brunotti,Male
Allis,Sizland,Female
Mischa,Goare,Male
Stanislaus,Pedrick,Male
Ada,Judd,Female
Igor,Jann,Male
Desmond,Tothacot,Male
Marv,Kestell,Male
Kitty,Kobierra,Female
Barbee,Spelwood,Female
Angus,Rignold,Male
Taffy,Fosberry,Female
Darbie,Lineker,Female
Agneta,Fisby,Female
Bryana,Murfin,Female
Lek,Le Frank,Male
Jane,Trobey,Female
Eal,Ringwood,Male
Fee,Jakubovski,Male
Lynea,Woolfall,Female
Wanda,Gonzales,Female
Damaris,Burbury,Female
Ario,Eastlake,Male
Hamid,Castellet,Male
Clemente,Forde,Male
Vaughn,Antuoni,Male
Brandy,Espinha,Male
Wyatan,Cestard,Male
Cris,Garrold,Male
Anette,Seckom,Female
Natalya,Savin,Female
Kimberlee,Wiper,Female
Rudd,Phythien,Male
Duke,Davidi,Male
Lanette,Roadknight,Female
Chevy,Cashmore,Male
Trev,Pauer,Male
Isidoro,Hoyland,Male
Rolf,Oxenbury,Male
Mohammed,Paik,Male
Pavel,Warry,Male
Ricca,De Roeck,Female
Deborah,Whiles,Female
Heinrick,Greader,Male
Steffane,Hawkswood,Female
Jackson,Scrace,Male
Wes,Braney,Male
Wang,Sweetlove,Male
Otho,Georgeson,Male
Moshe,Gallymore,Male
Harper,Alwen,Male
Corly,Stollhofer,Female
Osbourn,Gazey,Male
Brande,Stebbings,Female
Brynna,Crier,Female
Howey,Sibbering,Male
Mufinella,Kanter,Female
Alric,Iacovolo,Male
Georgette,Cakes,Female
Husain,Bazeley,Male
Waylon,Edmondson,Male
Gawen,Avraham,Male
Diannne,Cooke,Female
Eb,Ginnane,Male
Edgard,Burgane,Male
Ludovico,Baldini,Male
Haley,Langeley,Male
Marcel,Mullett,Male
Anne-corinne,Grote,Female
Reinold,Fairham,Male
Joanne,Trail,Female
Aarika,Easby,Female
Nahum,Trahar,Male
Heall,Mueller,Male
Towny,Kellogg,Male
Lela,Dikelin,Female
Griffy,Grigolli,Male
Sibyl,Ellor,Female
Veda,Jent,Female
Aubert,Friary,Male
Julita,Reihm,Female
Lisle,Cheale,Male
Kylie,Gowar,Female
Kristos,Cranson,Male
Gustav,Sainer,Male
Fanni,Scartifield,Female
Jessie,Raubenheimers,Male
Boony,Momery,Male
Barbabra,Lovatt,Female
Hilton,Ciccarelli,Male
Krisha,Spavins,Male
Sidonnie,Jobe,Female
Jimmie,Venediktov,Male
Beauregard,Begg,Male
Ewart,Leggett,Male
Merl,Mathet,Female
Wilbert,Mosley,Male
Bibi,Kilduff,Female
Laurianne,De Freyne,Female
Cory,Wharrier,Male
Rockie,Catcheside,Male
Osbourn,Granville,Male
Marcie,Heffy,Female
Izzy,Ninnoli,Male
Bendicty,Lippitt,Male
Elwira,Bruckenthal,Female
Wilow,Burdytt,Female
Guillermo,Khomishin,Male
Katharina,Brahan,Female
Calv,Varsey,Male
Tammy,Jeandot,Male
Sampson,Djurisic,Male
Teddie,Bowra,Female
Callie,Tander,Female
Pavlov,Kinze,Male
Carmen,Monnery,Female
Phelia,Postlethwaite,Female
Jeromy,Ashmore,Male
Kenny,Thunder,Male
Adriaens,Greenham,Female
Cristen,Chaucer,Female
Brittaney,Curnnok,Female
Nicola,Barenski,Female
Lorry,Buche,Male
Osborne,Novotna,Male
Harriett,Le Bosse,Female
Clyve,O'Hern,Male
Tally,Gisbye,Female
Averell,Dinnage,Male
Heinrik,Neissen,Male
Kassandra,Heaslip,Female
Rea,Crow,Female
Kendre,Houseley,Female
Jodee,Kullmann,Female
Dione,Draaisma,Female
Zedekiah,Torrejon,Male
Carmina,Thewys,Female
Estelle,Hearley,Female
Kerrin,Dawdary,Female
Judie,Lahiff,Female
Pamela,Windas,Female
Georgy,Arkow,Male
Jamison,Stading,Male
Chevalier,Jochanany,Male
Bliss,Turfin,Female
Page,Culter,Female
Arri,Ollander,Male
Abramo,Le Gall,Male
Margarethe,Swanston,Female
Lilias,Vannucci,Female
Hope,Meaton,Female
Alec,Zelley,Male
Patrice,Quartly,Female
Otha,Andreou,Female
Deena,Lownsbrough,Female
Garik,Ehrat,Male
Stanfield,Geffe,Male
Antoine,Garrity,Male
Ashlin,Goby,Male
Justinn,Aldren,Female
Lorrie,Sinnott,Male
Nevile,Kellert,Male
Glennis,Gronaver,Female
Dorelia,Knightsbridge,Female
Glennis,Patis,Female
Aundrea,Selkirk,Female
Cirstoforo,Yosevitz,Male
Francis,Denniston,Male
Antonio,Baldelli,Male
Mohandis,de Wilde,Male
Elliot,Mayzes,Male
Amos,Cullabine,Male
Emlen,Shearmur,Male
Kissie,Ebrall,Female
Isobel,Tinto,Female
Maurise,Ervin,Male
Raul,Kellert,Male
Coraline,Raywood,Female
Felicle,De la croix,Female
Hesther,Bruggeman,Female
Melosa,Pahl,Female
Doll,Davis,Female
Sutton,Cayle,Male
Kimberly,Shiers,Female
Zarla,Girauld,Female
Morie,Mulqueen,Male
Wandis,Took,Female
Edith,Stoffersen,Female
Benyamin,Ricca,Male
Ginevra,Ganning,Female
Joete,Bogie,Female
Minni,Keets,Female
Muhammad,Kelk,Male
Olga,Josephov,Female
Toby,Stabler,Male
Desmond,Maginot,Male
Cacilia,Carlino,Female
Fonz,Rikel,Male
Johannah,Colpus,Female
Isabella,Bourner,Female
Jeanine,Bodicum,Female
Aldridge,Peaden,Male
Kellen,Rupp,Male
Lucy,Pedler,Female
Humfried,Addeycott,Male
Burton,Lipman,Male
Euphemia,Clowser,Female
Denny,Scarasbrick,Female
Zebedee,Tailour,Male
Dennie,Behn,Male
Stace,Corston,Female
Norah,Squirrel,Female
Marianne,Pinck,Female
Violette,Wedderburn,Female
Cornela,Ricci,Female
Ty,Yosevitz,Male
Deerdre,Kelloch,Female
Rodd,McAlindon,Male
Barbie,Foli,Female
Clyde,Lemarie,Male
Hilliard,Placido,Male
Gregor,Over,Male
Grady,Gillebert,Male
Olag,Szymanski,Male
Allen,Eede,Male
Mord,Tabert,Male
Tristam,Seydlitz,Male
Gracie,Risdale,Female
Ruthe,Boc,Female
Free,Odo,Male
Tore,Heindrick,Male
Judie,O'Hoey,Female
Jameson,Hubeaux,Male
Sapphira,Flowerden,Female
Palmer,Kimbury,Male
Nickie,Arter,Female
Haydon,Bowbrick,Male
Lula,McBeath,Female
Clevey,Souch,Male
Gare,Proppers,Male
Thacher,Linwood,Male
Pauly,Dwane,Male
Linet,Morson,Female
Cointon,Bakewell,Male
Jo-ann,Keasley,Female
Julius,Pearmine,Male
Zsazsa,Stodd,Female
Clyde,Kerslake,Male
Gideon,St Louis,Male
Gill,Jancey,Male
Bridie,Delle,Female
Faunie,Cherrett,Female
Fred,Archibald,Male
Cody,Pauletti,Male
Mathe,Rubenov,Male
Devlen,Seamans,Male
Langston,Gliddon,Male
Felix,Wagg,Male
Ertha,Jerrard,Female
Rock,Navan,Male
Waldemar,Haigh,Male
Phil,Boggis,Male
Mela,Whall,Female
Christin,Millsap,Female
Keely,Viger,Female
Mufinella,Tidmas,Female
Krystal,Lingwood,Female
Bryna,Escoffier,Female
Elfrida,Radborn,Female
Bengt,Verchambre,Male
Aksel,Yellowlee,Male
Kerwinn,Simonds,Male
Ripley,Lening,Male
Rick,Dawidowitz,Male
Morgan,Callister,Male
Kara-lynn,Dioniso,Female
Belicia,Rodge,Female
Tommie,Danielut,Female
Marlo,Greendale,Female
Harmon,Dace,Male
Milly,Bayles,Female
Kacy,Ackred,Female
Rivkah,Gianinotti,Female
Estella,Mocker,Female
Gabbie,Lindstedt,Male
Lilith,Proschke,Female
Joan,Lowless,Female
Burt,Gallichan,Male
Issiah,Shirland,Male
Cecily,Jaskowicz,Female
Jethro,Martin,Male
Read,Fripp,Male
Rozanne,Marshallsay,Female
Jeth,Benyan,Male
Lucho,Soames,Male
Alisander,Robichon,Male
Frederic,Towe,Male
Phaidra,Bakesef,Female
Dara,Shrubb,Female
Celia,Rudsdale,Female
Virgilio,Bergeon,Male
Shelden,Emanulsson,Male
Jewel,Sandom,Female
Kelley,Goodbarne,Female
Jena,Rathbone,Female
Carilyn,Anderton,Female
Milzie,Street,Female
Fiorenze,Dracksford,Female
Abagail,Polden,Female
Hillery,Buckner,Male
Darby,Drane,Male
Morly,Gun,Male
Jeanine,Waddicor,Female
Frederico,Beese,Male
Mariann,Culp,Female
Adams,Vlasyuk,Male
Conrad,Barkhouse,Male
Ernestus,Theobald,Male
Laney,Brimblecombe,Male
Laurianne,Fache,Female
Justus,Karpe,Male
Katey,Absalom,Female
Tressa,Woolvett,Female
Fanechka,Tunnoch,Female
Myron,Tremaine,Male
Barbra,Burde,Female
Tymon,Erdis,Male
Victoir,Mankor,Male
Lyndel,Hathorn,Female
Vivyanne,Ben,Female
Emilia,McCaskill,Female
Daisey,Doche,Female
Kristian,Guidera,Male
Caddric,McKinnon,Male
Constantine,Tremollet,Male
Ciro,Petow,Male
Darlleen,Silkston,Female
Dilly,Blaydes,Male
Arte,Bilbrey,Male
Allyn,Jonas,Female
Tedie,Pound,Male
Neddy,Molson,Male
Dianne,Savil,Female
Vaughan,Swaisland,Male
Jasmina,Sandey,Female
Maddalena,Paradyce,Female
Sophia,Brandino,Female
Marius,Renon,Male
Bari,Hadcroft,Female
Andris,Maguire,Male
Colman,Dobkin,Male
Jeth,Shoemark,Male
Knox,Humberston,Male
Emelen,Arnaez,Male
Annice,Dumbar,Female
Phyllis,Cadigan,Female
Robbin,Kentwell,Female
Finn,MacNaughton,Male
Sigismondo,Bockman,Male
Alberik,Margerrison,Male
Adolf,Maidstone,Male
Beverlee,Axelby,Female
Bunni,Croxton,Female
Cortney,Inott,Female
Anatola,Caldaro,Female
Adrienne,Darbon,Female
Olive,Woodbridge,Female
Katharina,Bryan,Female
Eustace,Milam,Male
Hayward,Mosedall,Male
Huntlee,Grassot,Male
Mireielle,Gjerde,Female
Kelcy,Oaker,Female
Zed,Grollmann,Male
Maxie,Cuolahan,Female
Donal,Pickrill,Male
Zoe,Kewley,Female
Claudianus,Osler,Male
Morley,Kirgan,Male
Leandra,MacFadden,Female
Loise,Sollon,Female
Jacquelynn,Brahan,Female
Dagmar,Kerkham,Female
Felicle,Glassup,Female
Astrid,Scallan,Female
Michel,Dirand,Female
Martina,Cristofori,Female
Othilie,Groll,Female
Flor,Smee,Female
Wain,Callar,Male
Piotr,Sogg,Male
Euell,Newns,Male
Sammy,Rist,Male
Doralynne,Burkwood,Female
Tiphani,Matovic,Female
Ashbey,Gorse,Male
Winny,Yanyshev,Male
Matthus,Beirne,Male
Lemar,Gotling,Male
Trace,Dunsmore,Male
Cirstoforo,Josselsohn,Male
Carree,Karlqvist,Female
Shalna,Buzine,Female
Valentin,Oley,Male
Levy,Jarmain,Male
Nikolia,Kingswold,Female
Stephenie,Edmenson,Female
Kile,Tanzer,Male
Lorne,Spinige,Male
Marthena,Waldrum,Female
Laurel,Bener,Female
Dorelia,Dymond,Female
Bing,Lehrer,Male
Shaine,Fleg,Female
Viviene,Tremmil,Female
Minette,Tredget,Female
Jephthah,Worsnup,Male
Christos,Hovee,Male
Emmalynn,Spellar,Female
Catlaina,Vickarman,Female
Lyn,Jansen,Female
Sharia,McTerry,Female
Gena,Armand,Female
Mickie,Maryman,Male
Forrester,Bovaird,Male
Lotti,Bowdidge,Female
Allys,Whillock,Female
Ramon,Giotto,Male
Kai,Severn,Female
Curcio,Birtwell,Male
Vere,Quilligan,Female
Saraann,Lowth,Female
Terrel,Zink,Male
Conney,Battey,Male
Dominga,Puckinghorne,Female
Rozella,Cullum,Female
Ira,Roth,Male
Elva,McAtamney,Female
Natassia,Adlam,Female
Hildegaard,Standall,Female
Thane,Smurfit,Male
Aveline,Pestridge,Female
Remington,Dwelley,Male
Perry,Algie,Female
Farrah,Vedenichev,Female
Goldina,Nanelli,Female
Dianne,Shilleto,Female
Camila,Normant,Female
Jewell,Pygott,Female
Michal,Hordle,Male
Fifi,Feldmark,Female
Genvieve,Stivey,Female
Corry,Tuckett,Female
Carrol,Merrett,Male
Cristi,Fury,Female
Mikkel,Lively,Male
Cloe,Roloff,Female
Demetre,Hallahan,Male
Fredric,Grewes,Male
Gussy,Tibbles,Female
Ruthi,Rudwell,Female
Lira,Maps,Female
Lionel,Fritchly,Male
Melvyn,Powder,Male
Kliment,Chandlar,Male
Cesare,Charlin,Male
Jethro,Rembrant,Male
Christopher,Fleming,Male
Kaine,Barthorpe,Male
Kevina,Buttrick,Female
Keven,Chart,Male
Cly,Thaine,Male
Hedwig,MacQuarrie,Female
Otes,Enevold,Male
Dagny,Milroy,Male
Karlens,Bowe,Male
Cy,Lilburne,Male
Eadith,McKomb,Female
Nappy,Seary,Male
Wheeler,Adey,Male
Desiree,Sollam,Female
Bran,Howson,Male
Skippy,Featherstonhalgh,Male
Leeland,Feechan,Male
Raviv,Lightoller,Male
Tammie,Oyley,Male
Gloria,Temby,Female
Cally,Nuss,Female
Mechelle,Pitrelli,Female
Rivi,Danzey,Female
Ben,Atherley,Male
Theadora,McGruar,Female
Bernelle,Minthorpe,Female
Petronilla,Gaunter,Female
Boycie,MacAnespie,Male
Gabriel,Perrat,Female
Jeth,Rames,Male
Elyse,Whyman,Female
Swen,Monan,Male
Stanleigh,Ginn,Male
Alissa,Packwood,Female
Garvy,Prevost,Male
Madelina,Thornthwaite,Female
Catina,Heiss,Female
Cirillo,Petruszka,Male
Gav,Cownden,Male
Randene,Byford,Female
Reginald,Uzelli,Male
Edwin,Sollis,Male
Maren,Jannings,Female
Courtenay,Meadowcraft,Female
Hermie,Desaur,Male
Creighton,Bisp,Male
Corey,De Normanville,Female
Kendall,Willmot,Male
Jacquelin,Bleacher,Female
Consuelo,Arnett,Female
Virginie,Bellanger,Female
Colan,O'Gleasane,Male
Alessandra,Brummell,Female
Galvin,Domeney,Male
Pamella,Powlett,Female
Margaretha,Eastup,Female
Lucio,Struis,Male
Jaymie,Kleynermans,Male
Carr,Land,Male
Herc,McClintock,Male
Ricoriki,Seid,Male
Nilson,Inggall,Male
Lula,Morehall,Female
Berrie,Gascone,Female
Vlad,Mounsey,Male
Carlos,Frank,Male
Krystyna,Chattaway,Female
Dory,McCoish,Female
Ethelred,Cheer,Male
Emogene,Jubert,Female
Harriett,Greenman,Female
Amara,Lethby,Female
Dory,Mularkey,Male
Kai,Bernardelli,Female
Palmer,Copperwaite,Male
Marv,Vanyukov,Male
Audrye,Greenier,Female
Murdoch,Kinson,Male
Rolfe,Simka,Male
Nariko,Petrecz,Female
Armand,Stanyan,Male
Simonne,Reburn,Female
Astrid,Balser,Female
Yorgos,Lardez,Male
Odille,Suff,Female
Tildy,Brattan,Female
Mella,Wackly,Female
Erik,Proby,Male
Hadrian,Ducastel,Male
Terrence,Swaisland,Male
Rube,Flockhart,Male
Kippar,Hylden,Male
Alfonso,Whawell,Male
Kimberlee,Tomblett,Female
Calla,Boschmann,Female
Dynah,Craigg,Female
Hendrika,Hawken,Female
Stanford,Sercombe,Male
Dicky,Clapp,Male
Jennilee,Habishaw,Female
Ina,Bridgewater,Female
Claiborne,Hotson,Male
Isabelle,Rops,Female
Seana,Persse,Female
Cobbie,Groom,Male
Hyacinthie,Bryenton,Female
Lotty,Willeson,Female
Ruth,Schultz,Female
Hannie,Clausen-Thue,Female
Jorrie,Letertre,Female
Jessalyn,Seckom,Female
Marybeth,Daffey,Female
Hesther,O'Teague,Female
Staford,Kelcher,Male
Niall,Keech,Male
Merrick,Beadham,Male
Farr,Queripel,Male
Emiline,Zelley,Female
Dawna,Mullally,Female
Jennie,Brain,Female
Darbie,Carrack,Female
Humfried,Kinworthy,Male
Kelsi,Scriviner,Female
Katharine,Clemont,Female
Maurice,Dobney,Male
Gerti,Farey,Female
Mac,Bremeyer,Male
Ronny,Hawkeswood,Male
Frasco,Foyster,Male
Ezequiel,Insole,Male
Deedee,Tomaskunas,Female
Marnia,McGarahan,Female
Kessiah,Fassan,Female
Essa,Jeeks,Female
Orton,Di Biasi,Male
Sim,Gounet,Male
Marcia,Draye,Female
Sanderson,Helling,Male
Rosanne,Slowley,Female
Marylou,Gentil,Female
Eunice,Dyhouse,Female
Buck,Blincko,Male
Georgette,Algate,Female
Winston,Pennycord,Male
Eilis,Yendle,Female
Jaymie,Vickress,Male
Konstanze,Truckett,Female
Merry,Veryan,Male
Dru,Bamb,Male
Mill,Ravillas,Male
Maisey,Reignard,Female
Margareta,Pietron,Female
Patricio,McNevin,Male
Goldie,Jovicic,Female
Louise,Fernan,Female
Shepperd,Audrey,Male
Faunie,Krystof,Female
Marylee,Horry,Female
Vladamir,Alvarez,Male
Rhett,Rogeron,Male
Burnaby,Godthaab,Male
Alejandra,McKinlay,Female
Jasmina,Tanti,Female
Melina,Talks,Female
Taffy,Gerrens,Female
Jessie,Costerd,Male
Murielle,Rhead,Female
Charley,Seniour,Male
Samaria,Luety,Female
Bee,Dahlberg,Female
Land,Patriche,Male
Marcia,Cristofano,Female
Shaylyn,Ferebee,Female
Dimitry,Orneblow,Male
Simone,Morfield,Male
Giulietta,Buzzing,Female
Kelvin,Oxtiby,Male
Page,Adanez,Female
Raphael,Dimock,Male
Nicol,Willgoose,Female
Arlan,Grunwall,Male
Brant,Du Barry,Male
Homerus,Marling,Male
Jessa,Phillott,Female
Joella,Sarton,Female
Jewelle,Mandifield,Female
Halimeda,Houchen,Female
Abie,Krammer,Male
Josepha,Meron,Female
Mara,Sambell,Female
Farlay,Zoellner,Male
Sylvia,Stannett,Female
Filmer,Roon,Male
Yettie,Guerry,Female
Valaree,Ailward,Female
Brock,Montel,Male
Stephani,Liverseege,Female
Cosimo,Lemonnier,Male
Esdras,Coonan,Male
Maxie,Willgoose,Male
Northrup,Anthonies,Male
Gunar,Crosser,Male
Julie,Stickings,Female
Donny,Lesek,Male
Estelle,Haywood,Female
Beulah,Daines,Female
Frederico,Redholls,Male
Morgan,Scanlin,Female
Patrice,Conrard,Male
Knox,Vannini,Male
Sherlock,Peres,Male
Ritchie,Burberow,Male
Dulce,Larwood,Female
Gauthier,Westover,Male
Cory,Wingfield,Male
Rianon,Townsend,Female
Willard,Martyn,Male
Vaughn,Wyley,Male
Jodi,Kasparski,Female
Sammy,Cromley,Female
Kermy,Sultan,Male
Ulberto,Hawkwood,Male
Amabel,Hehir,Female
Horacio,Towlson,Male
Valdemar,Sydenham,Male
Camila,Askie,Female
Hedwig,Dunbabin,Female
Tiffanie,Cannings,Female
Odele,Follis,Female
Orelie,McVicker,Female
Brit,Honeywood,Male
Fara,Greves,Female
Kare,Miroy,Female
Karoly,Scherme,Female
Levin,Macey,Male
Ange,O'Dooghaine,Male
Pennie,Brickett,Female
Niccolo,Snelgrove,Male
Evvie,Fishburn,Female
Flossi,Van Velden,Female
Vikky,Abbatini,Female
Burke,Ellph,Male
Avigdor,Ings,Male
Ansell,Andrusyak,Male
Tani,Olford,Female
Bambie,Gant,Female
Kin,Whellans,Male
Miles,Grigolon,Male
Salomon,McKellen,Male
Julianne,Barrat,Female
Dannel,Assinder,Male
Arlinda,Kleimt,Female
Geraldine,Greenley,Female
Karola,Cummungs,Female
Rudolf,Maxstead,Male
Jasmine,Nafziger,Female
Sheelah,Bunner,Female
Rodolphe,Gussin,Male
Marillin,Eagers,Female
Myron,Lowless,Male
Georgy,Aleksashin,Male
Kimmy,Frostdyke,Female
Lydia,Playle,Female
Maury,Auletta,Male
Missy,Ties,Female
Jessamine,Smythin,Female
Murielle,Kleanthous,Female
Clarice,Bassil,Female
Malinda,Gallaccio,Female
Enos,Vowell,Male
Coletta,Fritzer,Female
Cordy,Duguid,Male
Alisun,Brigman,Female
Celene,Dunstan,Female
Bryanty,Burndred,Male
Annnora,Ouchterlony,Female
Fernando,Van Arsdall,Male
Etienne,Island,Male
Lesly,Billham,Female
Rodina,Cockshut,Female
Rosita,McKeand,Female
Asa,Gaishson,Male
Lorita,Hamley,Female
Emogene,Slyman,Female
Tobin,Budget,Male
Nettie,Forsyde,Female
Bentley,Mearns,Male
Falkner,Dorney,Male
Batholomew,O'Halleghane,Male
Israel,Beton,Male
Carie,Yeend,Female
Rozina,Weafer,Female
Tania,Creagh,Female
Winfield,Werndley,Male
Nathaniel,Joscelin,Male
Lena,Campana,Female
Ivan,Comer,Male
Gwenneth,Loadsman,Female
Edie,Fowlie,Female
Moore,Bottell,Male
Merell,Twidell,Male
Sheelah,Londer,Female
Minor,Wignall,Male
Gilly,Theobalds,Female
Dacie,Manz,Female
Berk,Slyford,Male
Isiahi,Roden,Male
Grover,Tuttle,Male
Harvey,Gilhool,Male
Christin,Zaple,Female
Tim,Abbs,Male
Mahmud,Fulford,Male
Sheffy,Visick,Male
Clyde,Kildea,Male
Alwyn,Spilstead,Male
Ashton,Covert,Male
Ruthie,Chatelet,Female
Wallas,Joseland,Male
Jarib,Haszard,Male
Jillian,Peckett,Female
Malvina,MacInerney,Female
Candide,Petrowsky,Female
Berna,Nashe,Female
Bernete,Salery,Female
Marisa,Buney,Female
Ginni,Lingfoot,Female
Adela,Price,Female
Garrick,Snawdon,Male
Madelle,Twinning,Female
Lusa,Fearey,Female
Elnora,Befroy,Female
Hermy,Newlove,Male
Maximilien,Cristobal,Male
Damara,Creaven,Female
Worthington,Rotte,Male
Peadar,Philipps,Male
Lefty,Bedrosian,Male
Shayna,Gibbieson,Female
Bryant,Crowder,Male
Kirsteni,Benford,Female
Deny,Airlie,Female
Cass,Finnan,Male
Stavros,Wassung,Male
Tillie,Hastwall,Female
Grannie,Fissenden,Male
Berty,Beaushaw,Female
Dona,Swanson,Female
Calida,Keene,Female
Falkner,Watkiss,Male
Tades,Potzold,Male
Andee,Grouvel,Female
Mia,Male,Female
Trey,Koppens,Male
Bess,Yacob,Female
Emmanuel,Mannering,Male
Van,Wigsell,Male
Selig,McCorkell,Male
Cherri,Barnardo,Female
Dore,Ondrak,Female
Trefor,Extil,Male
Chrissie,Faithfull,Female
Fran,Chittim,Male
Waverley,Marcussen,Male
Katuscha,Snaddon,Female
Farrel,Fawkes,Male
Moss,Rocco,Male
Dionne,Pfiffer,Female
Dukie,Sukbhans,Male
Olivette,Biner,Female
Ginger,Ousby,Male
Yovonnda,McGrale,Female
Ursuline,Asaaf,Female
Banky,Dumbellow,Male
Jeno,Candelin,Male
Lynn,Heinlein,Male
Antonin,Driver,Male
Curtice,Van Merwe,Male
Reuben,Ludron,Male
Dale,Rump,Male
Yance,Pitts,Male
Bendick,Noir,Male
Base,Eisikovitsh,Male
Smith,Hamley,Male
Duane,Annesley,Male
Valli,Souten,Female
Berti,Merryweather,Male
Lindie,Villar,Female
Geoffrey,Alloway,Male
Eadie,Mc Comb,Female
Tan,Sly,Male
Laird,Gentzsch,Male
Hobie,Musla,Male
Aldric,Rennebach,Male
Windham,Rosenstock,Male
Erek,Gilhool,Male
Torrie,Keming,Female
Joachim,Gladdish,Male
Dulcea,Minette,Female
Bill,Gilbertson,Male
Winne,Kidby,Female
Tabby,Lefwich,Male
Sebastien,Sleightholm,Male
Lane,Chrestien,Female
Benni,Shallcroff,Female
Erny,Maccraw,Male
Mandi,Sitch,Female
Paxon,Riccard,Male
Camellia,Blanche,Female
Yurik,Daoust,Male
Laney,De Vile,Male
Charleen,Coleby,Female
Donnie,Allender,Female
Aubry,Lardner,Female
Desdemona,Verduin,Female
Rodina,Butters,Female
Corbett,Cheese,Male
Nikolai,Deeson,Male
Sianna,Haglington,Female
